{"cameraMode":{"drawMode":0,"name":"Shaded","section":"Shading Mode"},"sceneLighting":true,"audioPlay":false,"sceneViewState":{"showFog":true,"showMaterialUpdate":false,"showSkybox":true,"showFlares":true,"showImageEffects":true,"showParticleSystems":true,"showVisualEffectGraphs":true,"m_FxEnabled":true},"in2DMode":false,"pivot":{"x":-74.23908233642578,"y":50.66708755493164,"z":105.51984405517578},"rotation":{"x":0.0671411082148552,"y":0.0035901565570384266,"z":0.0002372066373936832,"w":-0.9977606534957886},"size":26.39917755126953,"orthographic":false}