{"cameraMode":{"drawMode":0,"name":"Shaded","section":"Shading Mode"},"sceneLighting":true,"audioPlay":false,"sceneViewState":{"showFog":true,"showMaterialUpdate":false,"showSkybox":true,"showFlares":true,"showImageEffects":true,"showParticleSystems":true,"showVisualEffectGraphs":true,"m_FxEnabled":true},"in2DMode":false,"pivot":{"x":-2.4233784675598146,"y":13.359638214111329,"z":-3.0801925659179689},"rotation":{"x":-0.24227112531661988,"y":0.028225595131516458,"z":-0.007052801549434662,"w":-0.9697807431221008},"size":267.5584716796875,"orthographic":false}